subject,mean_radius,mean_curvature,length,snr_t1,snr_fa,contrast,pv,imbalance,difficulty_score,difficulty_tier
102816,1.0500519,0.4198846,73.06475,3.398225,1.3217461,0.0914903,0.88241524,0.00025803983,2.6446698,medium
113316,1.0430863,0.51768595,73.12217,3.4214818,1.4603677,0.0722259,0.89801323,0.0002063772,2.798477,hard
113821,1.0397116,0.447642,65.953766,3.2406614,1.5436003,0.07292196,0.9084507,0.00019407657,2.7305412,medium
115320,1.0507491,0.45288116,62.190567,3.5033443,1.3582374,0.085116595,0.88188076,0.00023835883,2.5699615,medium
117122,1.0325329,0.49544486,79.35388,3.1949337,1.5693657,0.06986989,0.9214586,0.00019489661,3.0055573,hard
118528,1.0553076,0.45077232,70.23633,3.539921,1.502252,0.10383323,0.8707865,0.00024327908,2.021343,easy
119025,1.0365,0.5046004,78.00401,4.1930604,1.5198885,0.07209988,0.9129252,0.00020091025,2.61256,medium
119732,1.0504951,0.5000087,71.06815,3.5366871,1.247728,0.08274691,0.88073397,0.00023835883,2.8065634,hard
120111,1.0511026,0.5203581,82.67852,3.496098,1.4195166,0.09276663,0.8794588,0.00022223133,2.3348384,easy
120515,1.0606717,0.40871924,68.18644,3.242845,1.1718853,0.0907466,0.856982,0.00024273238,2.5733736,medium
121921,1.0442421,0.47348237,67.57947,3.7576246,1.3852297,0.06744444,0.89522547,0.00020610384,2.8056471,hard
122620,1.0483985,0.47549695,78.11464,4.146503,1.2987244,0.07840693,0.8876014,0.0002358987,2.6524022,medium
126325,1.0457776,0.4829688,79.75031,3.4522383,1.3582175,0.09102088,0.8914432,0.00021403092,2.5047271,easy
128026,1.0524828,0.40341547,60.29034,3.400887,1.4379863,0.083373964,0.8741573,0.00024327908,2.4152408,easy
130821,1.034868,0.462391,98.72088,4.0844083,1.2658694,0.066247895,0.91792065,0.00019981686,3.1269972,hard
131419,1.0605787,0.45134053,63.314922,3.2055926,1.2076024,0.09352568,0.86070216,0.00024136565,2.5711741,medium
132017,1.038192,0.53802437,65.77562,3.73137,1.3583388,0.07815617,0.9106918,0.00021731108,2.9264073,hard
134324,1.0587372,0.4589149,67.62936,3.6376202,1.1198002,0.08523607,0.8684481,0.0002659669,2.9309232,hard
135932,1.0479861,0.47333515,64.75444,3.8177965,1.4548326,0.067411005,0.88793105,0.00022195799,2.7055225,medium
136126,1.0603302,0.43350416,87.27279,5.026054,1.0452226,0.062476188,0.86815226,0.00029439502,3.3862567,hard
138231,1.0620959,0.44157454,65.87023,3.286301,1.078372,0.081716076,0.8553719,0.00019845011,2.6558805,medium
139435,1.0518795,0.44109902,62.85082,3.347565,1.2903569,0.06544711,0.88456863,0.00022496481,3.091199,hard
139637,1.0435092,0.49801514,63.594078,3.7774177,1.2588022,0.08700077,0.9004796,0.00022797163,2.8016212,hard
140117,1.0476857,0.5502091,76.31079,4.192621,1.4767998,0.08040631,0.8874172,0.00024765264,2.5177834,medium
140420,1.0584222,0.4734861,72.478966,3.2483356,1.2876226,0.09058726,0.8664459,0.00024765264,2.5903232,medium
141422,1.0450295,0.513286,73.968376,4.0014806,1.2653762,0.08286241,0.89311165,0.0002301584,2.7373738,medium
143426,1.0429878,0.5728505,69.82211,3.0724082,1.2337977,0.076328516,0.89819586,0.00021211749,3.2824154,hard
144125,1.06274,0.5065044,71.55756,3.2237346,1.3916967,0.079813614,0.8552632,0.0002492927,2.5494673,medium
145834,1.0442264,0.4858464,70.72574,3.2778363,1.5134732,0.08085784,0.8952134,0.00021129745,2.5778039,medium
148335,1.0562723,0.3806936,70.97178,4.042558,1.2087456,0.09031075,0.8689727,0.0002607733,2.4432552,easy
149236,1.0460526,0.4623383,70.55416,3.3417854,1.2462461,0.08181758,0.8933649,0.0002307051,2.9582386,hard
149337,1.0663363,0.39224905,68.38259,3.747726,1.2338103,0.09528077,0.85139024,0.0002851012,2.3703115,easy
149842,1.0515984,0.51370084,76.57534,3.226116,1.3915985,0.08993611,0.8773704,0.0002162177,2.4544141,easy
150928,1.0471487,0.5080921,65.72574,3.4895394,1.326527,0.0804705,0.89043,0.00019708338,2.6281784,medium
151425,1.0686871,0.49144793,78.82138,3.5390394,1.3606524,0.088792324,0.8463074,0.00027389397,2.334028,easy
151930,1.0539855,0.37014356,67.3327,3.6487706,1.2060829,0.074621946,0.8771739,0.0002514795,2.8763416,hard
154229,1.0442808,0.454009,71.21101,3.7996202,1.5551703,0.07305987,0.8977136,0.00022715158,2.5808554,medium
154431,1.0545307,0.4049072,52.951324,3.4527514,1.4743568,0.086322516,0.86929715,0.00022168463,2.1246107,easy
156536,1.0411205,0.40006936,74.161125,4.1151476,1.3613714,0.06905118,0.9007264,0.00022578485,2.7812078,hard
157942,1.0474112,0.4915688,78.2609,3.4593356,1.4237691,0.08045314,0.8865069,0.00021676438,2.5562577,medium
158843,1.0602226,0.43312874,68.4738,3.3666074,1.4572122,0.089634225,0.861024,0.00026159335,2.2938042,easy
159441,1.0383768,0.47533536,68.139946,3.336584,1.4593767,0.08248617,0.9104278,0.00020446377,2.7107055,medium
161731,1.0401509,0.4888924,70.58944,3.4841392,1.4536872,0.08777827,0.90643275,0.00018696954,2.4422855,easy
162329,1.0311797,0.49060136,73.27483,3.5897074,1.622769,0.07493994,0.92582023,0.00019161643,2.7052035,medium
162733,1.0539095,0.45270178,81.81141,3.4089642,1.2144836,0.08526525,0.87486035,0.0002446458,2.781256,hard
164939,1.0608442,0.5301155,81.700424,3.7963762,1.3630749,0.09357849,0.858811,0.00025749314,2.2702005,easy
168341,1.0419416,0.6035954,66.39888,5.1381264,1.3135545,0.060360193,0.90317917,0.00018915632,2.9348001,hard
169444,1.0407495,0.44665527,69.55295,3.059639,1.3726257,0.07679072,0.9026316,0.00020774393,2.9477618,hard
169949,1.0684037,0.45888376,66.9472,3.6447265,1.3659562,0.09188697,0.8426966,0.00026760699,2.128366,easy
171330,1.0590688,0.49258736,73.85009,3.666873,1.407359,0.09184557,0.8647497,0.00025667308,2.2974198,easy
172433,1.0620408,0.48319542,76.528854,3.4489644,1.3411417,0.09375636,0.8590957,0.00025995326,2.3818958,easy
173839,1.0434967,0.5039078,67.507675,3.1692574,1.3579745,0.08330272,0.89606744,0.00019462327,2.7113235,medium
175540,1.0520014,0.42339352,68.36141,4.038082,1.4433435,0.07071462,0.8789659,0.00023261853,2.4707735,easy
176744,1.0495688,0.49743629,81.08933,7.1876,1.2780428,0.059806973,0.8939248,0.00028346112,3.0621285,hard
178748,1.0665462,0.47778982,74.32149,3.5913222,1.1908348,0.09404361,0.84546363,0.0002741673,2.4840617,easy
178950,1.0670977,0.52045274,71.98299,4.0484605,1.4106275,0.09522867,0.8472998,0.00029357497,2.1724186,easy
180836,1.0495881,0.52205944,80.603294,3.55331,1.3809378,0.0984804,0.8858173,0.00022742493,2.3945274,easy
182032,1.0505362,0.39086482,66.09006,3.5694513,1.369349,0.07923445,0.88375,0.00021867781,2.470829,easy
188448,1.0432674,0.48446283,74.018265,3.4085364,1.3452034,0.077454895,0.8973747,0.00022906502,2.9254227,hard
191437,1.0681171,0.45306545,72.528854,3.451853,1.4142336,0.07972655,0.84131455,0.00029111485,2.4440691,easy
192035,1.0463525,0.51153654,93.982254,3.6314614,1.2438344,0.09277567,0.8982036,0.00022824497,2.7805016,hard
192439,1.0528309,0.4747033,68.26843,2.7914722,1.542103,0.06478755,0.8757062,0.00019352986,2.8153675,hard
192641,1.0547374,0.45657057,67.60065,3.09434,1.2005358,0.09390366,0.87226695,0.00023753878,2.7471998,medium
194140,1.060839,0.447616,68.4738,3.2032847,1.3251047,0.09225881,0.8620283,0.00023179849,2.3581588,easy
195445,1.0472196,0.5310743,77.84669,3.469969,1.3427798,0.07926282,0.88812155,0.00019790343,2.639838,medium
196144,1.0528045,0.49210855,67.507675,3.2172945,1.2890451,0.08678606,0.87439024,0.00022414477,2.6382706,medium
197550,1.0607593,0.44573754,76.38259,3.3586009,1.2647792,0.0954878,0.8596491,0.0002648735,2.500142,easy
198047,1.0664778,0.36760706,73.307396,3.3316119,1.3149351,0.088134006,0.8496158,0.00024901936,2.240348,easy
198350,1.0431756,0.4584943,75.18576,3.1616187,1.1657293,0.09215151,0.8976572,0.00022168463,3.0076993,hard
200008,1.0554736,0.45549476,69.55416,3.537279,1.228905,0.09163159,0.87114537,0.00024819933,2.5916128,medium
200311,1.0461142,0.3580275,74.08593,3.7201428,1.2174437,0.073630616,0.8913044,0.00023890552,2.930781,hard
200614,1.0436208,0.5039487,74.57874,3.1611216,1.3972687,0.08653121,0.89746684,0.00022660488,2.807758,hard
201515,1.0615041,0.44577023,71.376015,4.39735,1.3551339,0.07087514,0.8578838,0.00026350678,2.449886,easy
202719,1.051146,0.39977968,73.2609,3.5312147,1.3115404,0.088622674,0.87917143,0.00023753878,2.4731145,easy
203923,1.0453085,0.48279396,73.05818,3.1483588,1.2389531,0.07528573,0.89480877,0.0002000902,3.0461936,hard
204622,1.0464625,0.49346197,72.700424,3.2817264,1.295209,0.07168396,0.88865095,0.00025530637,3.234573,hard
205220,1.042914,0.44912183,61.84742,3.6752326,1.4578742,0.07529552,0.8963964,0.00018204929,2.4039137,easy
206929,1.0366912,0.49571043,85.991745,4.8383393,1.3740582,0.07450408,0.91573036,0.00024327908,2.8567815,hard
207426,1.0471926,0.45451558,77.06354,4.4839134,1.2762864,0.07956204,0.8940678,0.00025803983,2.7586515,hard
209228,1.0601575,0.5232121,78.67512,4.4110074,1.2874473,0.072607905,0.86197186,0.00029111485,2.8015149,hard
209935,1.0617307,0.48470208,94.88123,3.6934783,1.006359,0.09613608,0.8576998,0.0002804543,2.9999526,hard
212015,1.0419139,0.41808504,78.75992,4.706395,1.2775818,0.06043467,0.90076333,0.00021485095,2.9702742,hard
212318,1.0361519,0.43789595,58.701157,3.3604207,1.6595584,0.0747703,0.9161677,0.00018259598,2.5360265,medium
213421,1.0520867,0.42105573,66.24385,4.327347,1.4463191,0.059517592,0.8807229,0.00022687824,2.6934798,medium
214019,1.0323263,0.4784824,57.80093,3.271225,1.4725473,0.07361415,0.92335767,0.0001497943,2.736601,medium
221319,1.055996,0.42136058,79.79023,3.681004,1.448398,0.08907604,0.87240356,0.00027635408,2.3987782,easy
231928,1.0481644,0.46765345,62.243855,3.0191884,1.622972,0.067307726,0.88372093,0.00018806293,2.5933466,medium
248238,1.0443133,0.41594318,66.454384,3.5259125,1.3757416,0.08621153,0.89785624,0.00021676438,2.5371537,medium
250427,1.0686579,0.45305577,70.76101,3.5425332,1.2358792,0.09707755,0.8448459,0.0002572198,2.2506392,easy
257542,1.0385096,0.47794867,53.60557,3.9124207,1.4515138,0.08449601,0.90702945,0.000120546145,1.9684482,easy
283543,1.0692639,0.46232745,68.04018,3.361023,1.209657,0.08511156,0.8411317,0.00025120613,2.4714305,easy
309636,1.0579561,0.55049074,76.56413,3.5307422,1.2811717,0.071651,0.8676957,0.000247926,2.9420679,hard
310621,1.0532506,1.2109588,107.28992,3.5508194,1.5372976,0.0865992,0.8739224,0.00025366628,3.1939306,hard
316633,1.0632586,0.440104,68.4079,3.3751523,1.41309,0.094549656,0.85046726,0.00026323344,2.1719108,easy
333330,1.0480307,0.53349656,64.16526,3.3652592,1.3444074,0.06870568,0.8879093,0.00021703774,3.0194433,hard
360030,1.0473527,0.55670434,78.481155,3.087324,1.2722013,0.081082806,0.8867403,0.00019790343,2.8888571,hard
389357,1.0435638,0.52864957,71.14335,4.790881,1.3963261,0.06791797,0.89575756,0.0002255115,2.6985068,medium
390645,1.0514836,0.4692089,65.82211,3.7090683,1.3676599,0.08150987,0.8766007,0.00023480531,2.484702,easy
397760,1.050528,0.44262734,68.968376,3.9815166,1.4081842,0.09017435,0.8841743,0.00023835883,2.2825665,easy
397861,1.0453937,0.7022855,71.06866,3.7940118,1.2881095,0.075472444,0.8944591,0.00020719723,3.0107815,hard
406836,1.039713,0.53650045,77.92189,5.111697,1.4125687,0.059445143,0.9085648,0.00023617204,3.0856507,hard
441939,1.0628889,0.4622584,70.84329,3.4254017,1.3318384,0.09203328,0.855359,0.00026268672,2.3761556,easy
445543,1.0476186,0.466974,78.528854,3.895781,1.3690943,0.07993391,0.88995725,0.00025585305,2.7242754,medium
453441,1.0520478,0.58211327,12.217332,3.5914624,1.2097336,0.08972901,0.8826406,0.00022359806,2.7729208,hard
465852,1.0387081,0.46893495,79.33489,3.8971725,1.3320751,0.0912485,0.9095675,0.00020856397,2.5485935,medium
467351,1.058878,0.5053331,68.161125,3.6865778,1.3803637,0.10888891,0.86902285,0.00026296006,2.223228,easy
492754,1.0384421,0.50024503,79.17125,3.22955,1.2407684,0.08708367,0.9071926,0.00023562535,3.1585455,hard
499566,1.0658803,0.47948888,68.89015,3.8476255,1.3658291,0.0709745,0.8468992,0.00028209438,2.6003091,medium
500222,1.0541555,0.48098943,71.7216,3.4277866,1.3126965,0.08952671,0.87628865,0.00023863217,2.5650563,medium
524135,1.0593418,0.4131755,70.376015,3.4896553,1.3837274,0.089256555,0.860252,0.00023863217,2.1812017,easy
540436,1.0605375,0.50081086,94.51815,3.903001,1.2929463,0.08276674,0.86100745,0.00029302828,2.6997364,medium
541943,1.060983,0.4100592,62.55971,3.439654,1.2704499,0.07691307,0.8581706,0.0002659669,2.7080622,medium
545345,1.0524794,0.4812315,80.8002,3.456931,1.2450674,0.08412288,0.8771061,0.0002758074,2.9675026,hard
555651,1.0469451,0.52448887,71.865425,3.282734,1.422779,0.07939701,0.88926554,0.00024191233,2.8624089,hard
562345,1.0499784,0.49410668,71.376015,3.9451797,1.461936,0.07890162,0.8821385,0.00022496481,2.3755841,easy
562446,1.0583625,0.49800047,81.925285,3.1436443,1.3244592,0.07859062,0.8636816,0.00027471402,2.9344769,hard
565452,1.0303464,0.46259478,62.911915,3.2284226,1.3057928,0.07165049,0.9279141,0.00017822243,3.2176886,hard
567052,1.0597554,0.3908134,67.31492,3.8184445,1.352471,0.077973664,0.85663927,0.00023261853,2.2023613,easy
567759,1.0550529,0.5643051,66.168655,3.3511581,1.4576555,0.08140764,0.8697674,0.00023507865,2.5368545,medium
567961,1.0451341,0.46543708,68.59748,3.1509626,1.3014728,0.07192901,0.8955399,0.00023289188,3.1954503,hard
570243,1.0538877,0.46500766,76.68973,3.609158,1.3743176,0.08588466,0.8778468,0.00026405347,2.6119013,medium
571144,1.0519136,0.5493383,84.57874,3.6402624,1.3388989,0.08707887,0.8770226,0.00025339294,2.6596756,medium
576255,1.0518486,0.4873051,71.872,3.4130313,1.2599651,0.08780219,0.87482613,0.00019653668,2.4282877,easy
578158,1.0524193,0.4049077,74.48237,3.7292674,1.2693315,0.089057535,0.87836105,0.00021348422,2.3218305,easy
580044,1.0388422,0.4611356,67.16526,3.8270595,1.4094776,0.085448846,0.90725803,0.00020337038,2.4878776,easy
583858,1.0340797,0.4500116,71.478966,5.7856517,1.4088845,0.056914985,0.92086333,0.00018997636,2.8516588,hard
585256,1.0595931,0.42488697,73.09346,3.644719,1.1929524,0.08105901,0.8606477,0.00027854086,2.8026927,hard
588565,1.0388944,0.48864838,71.61208,3.5487657,1.4456574,0.08402985,0.9071332,0.00020309702,2.5888195,medium
599065,1.0546682,0.44048303,69.11464,4.56373,1.5040898,0.07576862,0.86890954,0.00023562535,2.0779264,easy
609143,1.0490186,0.45499098,80.004166,3.7448215,1.4001572,0.07938081,0.8848997,0.00025885986,2.685333,medium
615441,1.0541751,0.461667,75.528854,3.439007,1.3271422,0.08413154,0.8775956,0.00025011276,2.6829896,medium
645450,1.0619093,0.50017726,78.70383,3.6906977,1.3192542,0.074338585,0.85699266,0.00025995326,2.654737,medium
680250,1.0607251,0.3800544,72.55635,3.1921704,1.3936256,0.089174405,0.86150235,0.00023289188,2.2339365,easy
698168,1.0562416,0.468858,70.75031,3.4805431,1.2055814,0.08408025,0.87224156,0.000235352,2.7245905,medium
701535,1.0400842,0.49319434,82.45366,3.2672868,1.3694308,0.06413141,0.90755355,0.00024245903,3.473646,hard
713239,1.0526885,0.42130265,59.576073,3.051064,1.2482718,0.09564398,0.8799534,0.00023453197,2.6935947,medium
731140,1.0566491,0.40663463,67.23633,3.4413364,1.1991695,0.0953099,0.87198985,0.000215671,2.3953629,easy
760551,1.0540057,0.4685408,68.37919,3.8550572,1.2414773,0.09420726,0.87472284,0.00024655924,2.4757454,easy
788674,1.0640396,0.5179246,78.407166,3.988759,1.3445089,0.0696497,0.8546392,0.00026514687,2.6573024,medium
818455,1.0380324,0.42176357,80.7216,5.3404922,1.5123719,0.067946106,0.9099099,0.00024273238,2.5954883,medium
827052,1.0415702,0.39631286,65.15048,3.2807825,1.3748627,0.08181918,0.90199083,0.00017849577,2.515068,medium
841349,1.0433878,0.4615162,78.73461,3.2789626,1.3087882,0.08371636,0.8979834,0.00023043175,2.9040022,hard
849264,1.0600849,0.5093371,74.613655,3.2994637,1.0897104,0.08617954,0.8622328,0.0002301584,2.8899446,hard
852455,1.0635401,0.5221735,79.45366,3.5226061,1.3705093,0.097708344,0.8541458,0.00027362062,2.328768,easy
872562,1.0629139,0.4761517,73.8002,3.7272608,1.4250562,0.081178606,0.8518519,0.0002804543,2.3934073,easy
885975,1.0513946,0.4922181,73.14335,3.4877555,1.4199857,0.08116464,0.88249695,0.00022332472,2.529374,medium
886674,1.0559,0.548433,96.548965,4.3066897,1.2360072,0.06503624,0.87216496,0.00026514687,3.0989308,hard
910443,1.0542045,0.4970515,63.67925,4.1344852,1.3761263,0.07071605,0.8768036,0.0002462859,2.6705213,medium
919966,1.0371382,0.4719918,76.357285,3.2571323,1.1374189,0.08742176,0.91223735,0.00022113795,3.2706704,hard
957974,1.058638,0.5157473,68.36141,3.4652126,1.444834,0.083069876,0.8668122,0.0002503861,2.4748478,easy
973770,1.0499331,0.4775593,66.09346,3.3969083,1.3787754,0.08684488,0.88427675,0.00021731108,2.4910266,easy
